{"cameraMode":{"drawMode":0,"name":"Shaded","section":"Shading Mode"},"sceneLighting":false,"audioPlay":false,"sceneViewState":{"m_AlwaysRefresh":false,"showFog":true,"showSkybox":false,"showFlares":true,"showImageEffects":true,"showParticleSystems":true,"showVisualEffectGraphs":true,"m_FxEnabled":true},"in2DMode":false,"pivot":{"x":-0.19861507415771485,"y":1.3486263751983643,"z":-0.23006677627563477},"rotation":{"x":-0.0562392920255661,"y":0.8891187906265259,"z":-0.43974873423576357,"w":-0.11370909959077835},"size":2.569103240966797,"orthographic":false}