{"cameraMode":{"drawMode":0,"name":"Shaded","section":"Shading Mode"},"sceneLighting":false,"audioPlay":false,"sceneViewState":{"m_AlwaysRefresh":false,"showFog":true,"showSkybox":false,"showFlares":true,"showImageEffects":true,"showParticleSystems":true,"showVisualEffectGraphs":true,"m_FxEnabled":true},"in2DMode":false,"pivot":{"x":-0.0006894990801811218,"y":0.5240108966827393,"z":-0.026507019996643068},"rotation":{"x":-0.07799961417913437,"y":0.8860182166099548,"z":-0.16149184107780457,"w":-0.4276602268218994},"size":0.7768692374229431,"orthographic":false}