{"cameraMode":{"drawMode":0,"name":"Shaded","section":"Shading Mode"},"sceneLighting":false,"audioPlay":false,"sceneViewState":{"m_AlwaysRefresh":false,"showFog":true,"showSkybox":false,"showFlares":true,"showImageEffects":true,"showParticleSystems":true,"showVisualEffectGraphs":true,"m_FxEnabled":true},"in2DMode":false,"pivot":{"x":5.975034236907959,"y":4.669946193695068,"z":9.405863761901856},"rotation":{"x":-0.12673702836036683,"y":-0.27528128027915957,"z":0.036638256162405017,"w":-0.9522883296012878},"size":16.185657501220704,"orthographic":false}