{"cameraMode":{"drawMode":0,"name":"Shaded","section":"Shading Mode"},"sceneLighting":false,"audioPlay":false,"sceneViewState":{"m_AlwaysRefresh":false,"showFog":true,"showSkybox":false,"showFlares":true,"showImageEffects":true,"showParticleSystems":true,"showVisualEffectGraphs":true,"m_FxEnabled":true},"in2DMode":false,"pivot":{"x":0.04707765579223633,"y":12.163359642028809,"z":-0.4386175870895386},"rotation":{"x":-0.0562392920255661,"y":0.8891187906265259,"z":-0.43974873423576357,"w":-0.11370909959077835},"size":14.699176788330079,"orthographic":false}