{"cameraMode":{"drawMode":0,"name":"Shaded","section":"Shading Mode"},"sceneLighting":false,"audioPlay":false,"sceneViewState":{"m_AlwaysRefresh":false,"showFog":true,"showSkybox":false,"showFlares":true,"showImageEffects":true,"showParticleSystems":true,"showVisualEffectGraphs":true,"m_FxEnabled":true},"in2DMode":false,"pivot":{"x":5.960464477539063e-8,"y":0.4914212226867676,"z":0.023182004690170289},"rotation":{"x":-0.07799961417913437,"y":0.8860182166099548,"z":-0.16149184107780457,"w":-0.4276602268218994},"size":0.9003522992134094,"orthographic":false}