{"cameraMode":{"drawMode":0,"name":"Shaded","section":"Shading Mode"},"sceneLighting":true,"audioPlay":false,"sceneViewState":{"m_AlwaysRefresh":false,"showFog":true,"showSkybox":true,"showFlares":true,"showImageEffects":true,"showParticleSystems":true,"showVisualEffectGraphs":true,"m_FxEnabled":true},"in2DMode":false,"pivot":{"x":3.3000001907348635,"y":-1.2999999523162842,"z":7.999999523162842},"rotation":{"x":0.34697192907333376,"y":-0.18506178259849549,"z":0.07005557417869568,"w":0.9167812466621399},"size":79.09994506835938,"orthographic":false}