{"cameraMode":{"drawMode":0,"name":"Shaded","section":"Shading Mode"},"sceneLighting":true,"audioPlay":false,"sceneViewState":{"m_AlwaysRefresh":false,"showFog":true,"showSkybox":true,"showFlares":true,"showImageEffects":true,"showParticleSystems":true,"showVisualEffectGraphs":true,"m_FxEnabled":true},"in2DMode":false,"pivot":{"x":6.498690128326416,"y":2.6425070762634279,"z":2.7118983268737795},"rotation":{"x":-0.22194968163967133,"y":-0.002341722371056676,"z":0.0005387818673625588,"w":-0.9750750064849854},"size":6.885788440704346,"orthographic":false}