{"cameraMode":{"drawMode":0,"name":"Shaded","section":"Shading Mode"},"sceneLighting":true,"audioPlay":false,"sceneViewState":{"m_AlwaysRefresh":false,"showFog":true,"showSkybox":true,"showFlares":true,"showImageEffects":true,"showParticleSystems":true,"showVisualEffectGraphs":true,"m_FxEnabled":true},"in2DMode":false,"pivot":{"x":0.7670789957046509,"y":0.46393999457359316,"z":-6.177698135375977},"rotation":{"x":0.0646083801984787,"y":-0.4064613878726959,"z":0.028837833553552629,"w":0.9109423160552979},"size":2.815476417541504,"orthographic":false}