{"cameraMode":{"drawMode":0,"name":"Shaded","section":"Shading Mode"},"sceneLighting":false,"audioPlay":false,"sceneViewState":{"m_AlwaysRefresh":false,"showFog":true,"showSkybox":false,"showFlares":true,"showImageEffects":true,"showParticleSystems":true,"showVisualEffectGraphs":true,"m_FxEnabled":true},"in2DMode":false,"pivot":{"x":-0.9358509182929993,"y":0.41197073459625246,"z":-0.0036159902811050417},"rotation":{"x":0.21813997626304627,"y":0.6756845116615295,"z":-0.22043560445308686,"w":0.6688470244407654},"size":0.7526837587356567,"orthographic":false}